Percentage served,Time in ms
0,2.696
1,7.916
2,8.143
3,8.295
4,8.432
5,8.552
6,8.664
7,8.768
8,8.872
9,8.965
10,9.053
11,9.134
12,9.206
13,9.275
14,9.339
15,9.401
16,9.458
17,9.517
18,9.574
19,9.630
20,9.684
21,9.740
22,9.794
23,9.845
24,9.895
25,9.948
26,10.001
27,10.054
28,10.108
29,10.161
30,10.213
31,10.268
32,10.320
33,10.371
34,10.421
35,10.472
36,10.522
37,10.569
38,10.620
39,10.669
40,10.717
41,10.769
42,10.817
43,10.864
44,10.913
45,10.963
46,11.011
47,11.059
48,11.109
49,11.155
50,11.206
51,11.251
52,11.301
53,11.348
54,11.396
55,11.443
56,11.495
57,11.548
58,11.604
59,11.658
60,11.716
61,11.770
62,11.826
63,11.889
64,11.949
65,12.009
66,12.070
67,12.135
68,12.198
69,12.261
70,12.328
71,12.399
72,12.472
73,12.545
74,12.628
75,12.708
76,12.783
77,12.874
78,12.974
79,13.069
80,13.175
81,13.282
82,13.398
83,13.535
84,13.675
85,13.832
86,14.001
87,14.210
88,14.435
89,14.712
90,15.023
91,15.408
92,15.950
93,16.772
94,17.924
95,20.454
96,24.793
97,27.568
98,31.828
99,44.329
100,163.807
